{
	"credit": "Made with Blockbench",
	"texture_size": [64, 64],
	"textures": {
		"0": "item/custom_textures/OxygeniteTexture",
	},
	"elements": [
		{
			"from": [5, 0, 5],
			"to": [11, 14, 11],
			"faces": {
				"north": {"uv": [0, 0, 1.5, 3.5], "texture": "#0"},
				"east": {"uv": [1.5, 0, 3, 3.5], "texture": "#0"},
				"south": {"uv": [3, 0, 4.5, 3.5], "texture": "#0"},
				"west": {"uv": [0, 3.5, 1.5, 7], "texture": "#0"},
				"up": {"uv": [9, 9.75, 7.5, 8.25], "texture": "#0"},
				"down": {"uv": [10.5, 0, 9, 1.5], "texture": "#0"}
			}
		},
		{
			"from": [5, -4, 3],
			"to": [11, 7, 9],
			"rotation": {"angle": -45, "axis": "x", "origin": [0, 0, 0]},
			"faces": {
				"north": {"uv": [0, 0, 1.5, 2.75], "texture": "#0"},
				"east": {"uv": [1.5, 0, 3, 2.75], "texture": "#0"},
				"south": {"uv": [3, 0, 4.5, 2.75], "texture": "#0"},
				"west": {"uv": [0, 3.5, 1.5, 6.25], "texture": "#0"},
				"up": {"uv": [9, 9.75, 7.5, 8.25], "texture": "#0"},
				"down": {"uv": [10.5, 0, 9, 1.5], "texture": "#0"}
			}
		},
		{
			"from": [-7, 3, 5],
			"to": [4, 9, 11],
			"rotation": {"angle": -45, "axis": "z", "origin": [0, 0, 0]},
			"faces": {
				"north": {"uv": [0, 0, 1.5, 2.75], "rotation": 90, "texture": "#0"},
				"east": {"uv": [10.5, 0, 9, 1.5], "rotation": 270, "texture": "#0"},
				"south": {"uv": [3, 0, 4.5, 2.75], "rotation": 270, "texture": "#0"},
				"west": {"uv": [9, 9.75, 7.5, 8.25], "rotation": 270, "texture": "#0"},
				"up": {"uv": [1.5, 0, 3, 2.75], "rotation": 270, "texture": "#0"},
				"down": {"uv": [0, 3.5, 1.5, 6.25], "rotation": 270, "texture": "#0"}
			}
		},
		{
			"from": [5, 7, 2],
			"to": [11, 18, 8],
			"rotation": {"angle": 45, "axis": "x", "origin": [0, 0, 0]},
			"faces": {
				"north": {"uv": [0, 0, 1.5, 2.75], "texture": "#0"},
				"east": {"uv": [1.5, 0, 3, 2.75], "texture": "#0"},
				"south": {"uv": [3, 0, 4.5, 2.75], "texture": "#0"},
				"west": {"uv": [0, 3.5, 1.5, 6.25], "texture": "#0"},
				"up": {"uv": [9, 9.75, 7.5, 8.25], "texture": "#0"},
				"down": {"uv": [10.5, 0, 9, 1.5], "texture": "#0"}
			}
		},
		{
			"from": [2, 7, 5],
			"to": [8, 18, 11],
			"rotation": {"angle": -45, "axis": "z", "origin": [0, 0, 0]},
			"faces": {
				"north": {"uv": [0, 0, 1.5, 2.75], "texture": "#0"},
				"east": {"uv": [1.5, 0, 3, 2.75], "texture": "#0"},
				"south": {"uv": [3, 0, 4.5, 2.75], "texture": "#0"},
				"west": {"uv": [0, 3.5, 1.5, 6.25], "texture": "#0"},
				"up": {"uv": [9, 9.75, 7.5, 8.25], "texture": "#0"},
				"down": {"uv": [10.5, 0, 9, 1.5], "texture": "#0"}
			}
		}
	],
	"display": {
		"thirdperson_righthand": {
			"translation": [0, 2.25, 0.75],
			"scale": [0.25, 0.25, 0.25]
		},
		"thirdperson_lefthand": {
			"translation": [0, 2.25, 0.75],
			"scale": [0.25, 0.25, 0.25]
		},
		"firstperson_righthand": {
			"scale": [0.5, 0.5, 0.5]
		},
		"firstperson_lefthand": {
			"scale": [0.5, 0.5, 0.5]
		},
		"ground": {
			"scale": [0.5, 0.5, 0.5]
		},
		"gui": {
			"rotation": [22.5, -45, 0]
		},
		"head": {
			"translation": [0, 14.75, 0]
		},
		"fixed": {
			"rotation": [-90, 0, 0],
			"translation": [0, 0, -4]
		}
	},
	"groups": [
		{
			"name": "group",
			"origin": [8, 8, 8],
			"color": 0,
			"children": [0, 1, 2, 3, 4]
		}
	]
}